codigo,estacion,estudio,fecha,tipo_dia,validaciones,mediana,z,diferencia_%
02102,Calle 161,False,2026-08-08,sabado,1470.0,2077.0,-4.874065476190476,-29.0
02204,Pepe Sierra Universidad UTEL,False,2026-07-05,domingo_festivo,2530.0,1700.0,3.7826689189189193,49.0
02204,Pepe Sierra Universidad UTEL,False,2026-07-13,domingo_festivo,2720.0,1700.0,4.6485810810810815,60.0
02300,Calle 100 - Marketmedios,False,2026-06-26,habil,33070.0,41256.0,-3.5348636363636365,-20.0
02300,Calle 100 - Marketmedios,False,2026-06-28,domingo_festivo,4182.0,5507.5,-4.84579810298103,-24.0
02300,Calle 100 - Marketmedios,False,2026-06-29,domingo_festivo,4192.0,5507.5,-4.8092398373983745,-24.0
02304,Heroes - Gel hada,False,2026-07-26,domingo_festivo,4141.0,2801.0,6.479068100358424,48.0
02304,Heroes - Gel hada,False,2026-08-22,sabado,11126.0,7719.0,8.606822097378277,44.0
02304,Heroes - Gel hada,False,2026-08-23,domingo_festivo,3612.0,2801.0,3.9212867383512546,29.0
02304,Heroes - Gel hada,False,2026-08-24,habil,21591.0,15174.0,4.376406976744185,42.0
02304,Heroes - Gel hada,False,2026-08-25,habil,22227.0,15174.0,4.810160262891809,46.0
02304,Heroes - Gel hada,False,2026-08-26,habil,22175.0,15174.0,4.774696157735086,46.0
02304,Heroes - Gel hada,False,2026-08-27,habil,22414.0,15174.0,4.937694641051567,48.0
02304,Heroes - Gel hada,False,2026-08-28,habil,21465.0,15174.0,4.290474721941354,41.0
02304,Heroes - Gel hada,False,2026-08-29,sabado,10634.0,7719.0,7.363923220973783,38.0
02304,Heroes - Gel hada,False,2026-08-30,domingo_festivo,3549.0,2801.0,3.616673835125448,27.0
02304,Heroes - Gel hada,False,2026-08-31,habil,21283.0,15174.0,4.16635035389282,40.0
06000,Portal El Dorado - C.C. NUESTRO BOGOTA,False,2026-06-21,domingo_festivo,16369.0,14116.0,7.219232779097387,16.0
06000,Portal El Dorado - C.C. NUESTRO BOGOTA,False,2026-08-09,domingo_festivo,12910.0,14116.0,-3.864356294536817,-9.0
06001,Modelia,True,2026-06-22,habil,5113.0,6645.0,-4.378533898305085,-23.0
06100,Av. Rojas – UNISALESIANA,False,2026-06-21,domingo_festivo,1778.0,1329.5,4.115826530612244,34.0
06101,El Tiempo - Camara de Comercio de Bogota,False,2026-06-22,habil,10430.0,12544.0,-3.7327041884816756,-17.0
06101,El Tiempo - Camara de Comercio de Bogota,False,2026-07-26,domingo_festivo,4012.0,2873.5,3.8015754950495046,40.0
06102,Salitre El Greco - Vive Claro,False,2026-06-22,habil,6946.0,8161.0,-4.502843406593406,-15.0
06102,Salitre El Greco - Vive Claro,False,2026-08-01,sabado,7496.0,5277.0,9.238984567901234,42.0
06102,Salitre El Greco - Vive Claro,False,2026-08-23,domingo_festivo,6181.0,2568.0,6.6674924760601915,141.0
06103,CAN - British Council,False,2026-07-26,domingo_festivo,1883.0,1426.0,4.566614814814814,32.0
06103,CAN - British Council,False,2026-08-23,domingo_festivo,2383.0,1426.0,9.562911111111111,67.0
06104,Gobernación,False,2026-06-21,domingo_festivo,751.0,476.0,6.0815573770491795,58.0
06105,Quinta Paredes,False,2026-06-21,domingo_festivo,1714.0,656.0,12.095271186440678,161.0
06105,Quinta Paredes,False,2026-06-22,habil,2705.0,3283.0,-4.19205376344086,-18.0
06105,Quinta Paredes,False,2026-07-03,habil,2648.0,3283.0,-4.605456989247312,-19.0
06106,Corferias,False,2026-06-21,domingo_festivo,16368.0,1417.5,37.62728451492537,1055.0
06106,Corferias,False,2026-06-28,domingo_festivo,2890.0,1417.5,3.7059748134328356,104.0
06106,Corferias,False,2026-08-16,domingo_festivo,3915.0,1417.5,6.285685634328359,176.0
06106,Corferias,False,2026-08-17,domingo_festivo,3192.0,1417.5,4.466045708955224,125.0
06107,Ciudad Universitaria - Loteria de Bogota,False,2026-06-21,domingo_festivo,2528.0,1185.0,5.191137535816619,113.0
06107,Ciudad Universitaria - Loteria de Bogota,False,2026-08-08,sabado,2518.0,3401.0,-3.524162721893491,-26.0
06108,Concejo de Bogotá,False,2026-06-14,domingo_festivo,1400.0,456.0,11.576872727272727,207.0
06108,Concejo de Bogotá,False,2026-06-22,habil,1857.0,2307.0,-3.9418831168831168,-20.0
06108,Concejo de Bogotá,False,2026-07-14,habil,3245.0,2307.0,8.216636363636365,41.0
06108,Concejo de Bogotá,False,2026-08-14,habil,3433.0,2307.0,9.863467532467531,49.0
06109,Centro Memoria,False,2026-06-21,domingo_festivo,1716.0,1045.5,6.957726923076923,64.0
06111,Universidades – CityU,False,2026-08-18,habil,16660.0,8921.0,3.6605578541374473,87.0
06111,Universidades – CityU,False,2026-08-19,habil,17130.0,8921.0,3.8828685133239835,92.0
06111,Universidades – CityU,False,2026-08-20,habil,16949.0,8921.0,3.79725525946704,90.0
07000,Portal Sur JFK Coop. Financiera,False,2026-07-02,habil,29845.0,55281.0,-11.19150815394651,-46.0
07001,PERDOMO,False,2026-07-02,habil,3873.0,7984.0,-10.747556201550386,-51.0
07001,PERDOMO,False,2026-07-20,domingo_festivo,4956.0,2962.5,8.249176380368098,67.0
07002,MADELENA,False,2026-07-02,habil,4285.0,8699.0,-10.748169675090253,-51.0
07002,MADELENA,False,2026-07-20,domingo_festivo,6408.0,3014.0,11.277108374384238,113.0
07003,SEVILLANA,False,2026-07-02,habil,2407.0,3788.0,-9.909409574468086,-36.0
07004,VENECIA,False,2026-06-21,domingo_festivo,4818.0,3611.5,3.5228755411255412,33.0
07004,VENECIA,False,2026-07-02,habil,5734.0,8943.0,-11.452224867724867,-36.0
07005,ALQUERIA,False,2026-07-02,habil,5270.0,7019.0,-5.958083333333333,-25.0
07006,General Santander,False,2026-06-21,domingo_festivo,3933.0,2999.0,4.790745247148289,31.0
07007,NQS - Calle 38A Sur,False,2026-08-01,sabado,9515.0,7967.0,4.261738775510204,19.0
07007,NQS - Calle 38A Sur,False,2026-08-15,sabado,5574.0,7967.0,-6.5880755102040816,-30.0
07010,Bosa,False,2026-06-21,domingo_festivo,4699.0,3408.5,13.089357142857143,38.0
07010,Bosa,False,2026-07-02,habil,6673.0,11316.0,-7.948486040609137,-41.0
07503,SAN MATEO - C.C. UNISUR,False,2026-06-21,domingo_festivo,19363.0,15544.0,6.630413127413128,25.0
07503,SAN MATEO - C.C. UNISUR,False,2026-06-22,habil,36112.0,39723.0,-3.9603569105691054,-9.0
07503,SAN MATEO - C.C. UNISUR,False,2026-06-27,sabado,28451.0,29755.0,-4.375860696517413,-4.0
07503,SAN MATEO - C.C. UNISUR,False,2026-07-02,habil,25449.0,39723.0,-15.654980487804877,-36.0
07503,SAN MATEO - C.C. UNISUR,False,2026-08-08,sabado,26035.0,29755.0,-12.483283582089552,-13.0
07503,SAN MATEO - C.C. UNISUR,False,2026-08-15,sabado,27208.0,29755.0,-8.547022388059702,-9.0
07504,Terreros,True,2026-06-21,domingo_festivo,10963.0,8362.0,9.586745901639343,31.0
07504,Terreros,True,2026-06-22,habil,24453.0,27335.0,-5.80271343283582,-11.0
07504,Terreros,True,2026-06-24,habil,23953.0,27335.0,-6.809429850746269,-12.0
07504,Terreros,True,2026-07-02,habil,17298.0,27335.0,-20.208825373134328,-37.0
07504,Terreros,True,2026-08-08,sabado,16525.0,18932.0,-5.0735046875,-13.0
07505,LEON XIII,False,2026-06-21,domingo_festivo,5451.0,3887.0,6.593237499999999,40.0
07505,LEON XIII,False,2026-07-02,habil,7793.0,12079.0,-7.138041975308642,-35.0
07506,DESPENSA,False,2026-06-01,habil,2797.0,3911.0,-4.446112426035503,-28.0
07506,DESPENSA,False,2026-06-02,habil,2917.0,3911.0,-3.9671775147928994,-25.0
07506,DESPENSA,False,2026-06-03,habil,2822.0,3911.0,-4.346334319526627,-28.0
07506,DESPENSA,False,2026-06-04,habil,2757.0,3911.0,-4.605757396449704,-30.0
07506,DESPENSA,False,2026-06-05,habil,2852.0,3911.0,-4.226600591715976,-27.0
07506,DESPENSA,False,2026-06-09,habil,2910.0,3911.0,-3.9951153846153846,-26.0
07506,DESPENSA,False,2026-06-10,habil,2981.0,3911.0,-3.711745562130177,-24.0
07506,DESPENSA,False,2026-06-11,habil,2893.0,3911.0,-4.06296449704142,-26.0
07506,DESPENSA,False,2026-06-12,habil,2864.0,3911.0,-4.1787071005917165,-27.0
07506,DESPENSA,False,2026-06-17,habil,2928.0,3911.0,-3.9232751479289942,-25.0
07506,DESPENSA,False,2026-06-18,habil,2811.0,3911.0,-4.390236686390532,-28.0
07506,DESPENSA,False,2026-06-19,habil,2977.0,3911.0,-3.7277100591715975,-24.0
07506,DESPENSA,False,2026-06-21,domingo_festivo,1562.0,1020.0,5.993098360655738,53.0
07506,DESPENSA,False,2026-06-22,habil,2489.0,3911.0,-5.675378698224852,-36.0
07506,DESPENSA,False,2026-06-23,habil,2589.0,3911.0,-5.276266272189349,-34.0
07506,DESPENSA,False,2026-06-24,habil,2626.0,3911.0,-5.128594674556213,-33.0
07506,DESPENSA,False,2026-06-25,habil,2648.0,3911.0,-5.040789940828402,-32.0
07506,DESPENSA,False,2026-06-26,habil,2710.0,3911.0,-4.79334023668639,-31.0
07506,DESPENSA,False,2026-07-02,habil,2794.0,3911.0,-4.458085798816568,-29.0
57503,Ampliacion San Mateo,False,2026-06-21,domingo_festivo,6773.0,4955.5,9.88632056451613,37.0
57503,Ampliacion San Mateo,False,2026-07-02,habil,11144.0,17071.0,-8.076285858585859,-35.0
